{"Standing":[{"category":"Science","quizzesDone":7,"player":"JohnDoe","timestamp":"2025-04-19, 04:19 PM"},{"category":"Science","quizzesDone":4,"player":"JaneSmith","timestamp":"2025-04-15, 03:45 PM"},{"category":"Math","quizzesDone":8,"player":"JaneSmith","timestamp":"2025-04-19, 04:19 PM"},{"category":"Math","quizzesDone":5,"player":"JohnDoe","timestamp":"2025-04-19, 04:19 PM"},{"category":"History","quizzesDone":9,"player":"Neill","timestamp":"2025-04-15, 03:45 PM"},{"category":"English","quizzesDone":5,"player":"JohnDoe","timestamp":"2025-04-19, 04:19 PM"},{"category":"Science","quizzesDone":1,"player":"James","timestamp":"2025-04-19, 11:15 PM"},{"category":"History","quizzesDone":1,"player":"test2","timestamp":"2025-04-20, 02:39 AM"},{"category":"English","quizzesDone":2,"player":"test2","timestamp":"2025-04-20, 03:04 AM"},{"category":"Math","quizzesDone":1,"player":"test2","timestamp":"2025-04-20, 03:14 AM"},{"category":"Science","quizzesDone":2,"player":"James","timestamp":"2025-04-21, 05:03 PM"},{"category":"James","quizzesDone":2,"player":"James","timestamp":"2025-04-25, 05:43 AM"}],"History":[{"evaluation":"pass","score":"2\/2","creator":"Neill","answers":[{"result":"correct","question":"Is Adriane Pregnant?","selectedAnswer":"Yes","correctAnswer":"Yes"},{"result":"correct","question":"What is a common sign of pregnancy?","selectedAnswer":"Morning sickness","correctAnswer":"Morning sickness"}],"category":"Science","quizTitle":"Pregnancy Quiz","player":"JohnDoe","timestamp":"2025-04-15, 02:30 PM"},{"evaluation":"pass","score":"2\/2","creator":"test1","answers":[{"result":"correct","question":"What gas do plants absorb from the air during photosynthesis?","selectedAnswer":"Carbon dioxide","correctAnswer":"Carbon dioxide"},{"result":"correct","question":"Which organelle in plant cells is responsible for photosynthesis?","selectedAnswer":"Chloroplast","correctAnswer":"Chloroplast"}],"category":"Science","quizTitle":"Photosynthesis Quiz","player":"James","timestamp":"2025-04-19, 11:15 PM"},{"evaluation":"pass","score":"3\/3","creator":"Neill","answers":[{"result":"correct","question":"r u okay?","selectedAnswer":"siguro","correctAnswer":"siguro"},{"result":"correct","question":"I am tired?","selectedAnswer":"shesh","correctAnswer":"shesh"},{"result":"correct","question":"good or bad?","selectedAnswer":"pizza","correctAnswer":"pizza"}],"category":"English","quizTitle":"Random English Quiz","player":"JohnDoe","timestamp":"2025-04-19, 04:19 PM"},{"evaluation":"fail","score":"1\/3","creator":"Neill","answers":[{"result":"incorrect","question":"What is the capital of France?","selectedAnswer":"Berlin","correctAnswer":"Paris"},{"result":"correct","question":"What is 2 + 2?","selectedAnswer":"4","correctAnswer":"4"},{"result":"incorrect","question":"What is the boiling point of water?","selectedAnswer":"80 degrees","correctAnswer":"100 degrees"}],"category":"English","quizTitle":"Random English Quiz","player":"James","timestamp":"2025-04-20, 01:19 AM"},{"evaluation":"fail","score":"1\/2","creator":"Neill","answers":[{"result":"incorrect","question":"Is Adriane Pregnant?","selectedAnswer":"Absolutely","correctAnswer":"Yes"},{"result":"correct","question":"What is a common sign of pregnancy?","selectedAnswer":"Morning sickness","correctAnswer":"Morning sickness"}],"category":"James","quizTitle":"Pregnancy Quiz","player":"James","timestamp":"2025-04-25, 05:58 AM"},{"evaluation":"fail","score":"1\/2","creator":"Neill","answers":[{"result":"correct","question":"What is 2 + 2?","selectedAnswer":"4","correctAnswer":"4"},{"result":"incorrect","question":"What is the result of 7 x 3?","selectedAnswer":"18","correctAnswer":"21"}],"category":"Edung","quizTitle":"Basic Math Quiz","player":"Edung","timestamp":"2025-04-25, 08:45 AM"},{"evaluation":"fail","score":"0\/1","creator":"test1","answers":[{"result":"incorrect","question":"Kinsa imong crush?","selectedAnswer":"Christian","correctAnswer":"Chantal"}],"category":"test2","quizTitle":"Crush Ni Gatan","player":"test2","timestamp":"2025-04-25, 11:08 AM"},{"evaluation":"pass","score":"2\/2","creator":"test1","answers":[{"result":"correct","question":"What gas do plants absorb from the air during photosynthesis?","selectedAnswer":"Carbon dioxide","correctAnswer":"Carbon dioxide"},{"result":"correct","question":"Which organelle in plant cells is responsible for photosynthesis?","selectedAnswer":"Chloroplast","correctAnswer":"Chloroplast"}],"category":"test2","quizTitle":"Photosynthesis Quiz","player":"test2","timestamp":"2025-06-12, 02:29 PM"}],"Accounts":[{"password":"password1","disabledFeature":[],"type":"Game Master","username":"user1","status":"Disabled"},{"password":"password2","disabledFeature":"None","type":"Player","username":"user2","status":"Disabled"},{"password":"test1","disabledFeature":[],"type":"Game Master","username":"test1","status":"Accessible"},{"password":"test2","disabledFeature":"None","type":"Player","username":"test2","status":"Accessible"},{"password":"test3","disabledFeature":"None","type":"Game Master","username":"test3","status":"Accessible"},{"password":"test10","disabledFeature":"None","type":"Game Master","username":"test10","status":"Accessible"},{"password":"neill","disabledFeature":"None","type":"Game Master","username":"Neill","status":"Accessible"},{"password":"admin","disabledFeature":"None","type":"Administrator","username":"admin","status":"Accessible"},{"password":"james","disabledFeature":"None","type":"Player","username":"James","status":"Accessible"},{"password":"test","disabledFeature":"","type":"Player","username":"test","status":"Accessible"},{"password":"magandakunti","disabledFeature":["Create Quiz","Delete Quiz"],"type":"Game Master","username":"Mitch","status":"Accessible"},{"password":"admin2","disabledFeature":"","type":"Administrator","username":"admin2","status":"Accessible"},{"password":"justin","disabledFeature":"","type":"Game Master","username":"Justin","status":"Accessible"},{"password":"edung","disabledFeature":"","type":"Player","username":"Edung","status":"Accessible"}]}